{"cameraMode":{"drawMode":0,"name":"Shaded","section":"Shading Mode"},"sceneLighting":false,"audioPlay":false,"sceneViewState":{"m_AlwaysRefresh":false,"showFog":true,"showSkybox":false,"showFlares":true,"showImageEffects":true,"showParticleSystems":true,"showVisualEffectGraphs":true,"m_FxEnabled":true},"in2DMode":false,"pivot":{"x":-0.1711464375257492,"y":0.06860000640153885,"z":4.340000152587891},"rotation":{"x":0.09397366642951966,"y":-0.6793171167373657,"z":0.08831512182950974,"w":0.7225289344787598},"size":0.08801010996103287,"orthographic":false}