{"cameraMode":{"drawMode":0,"name":"Shaded","section":"Shading Mode"},"sceneLighting":false,"audioPlay":false,"sceneViewState":{"m_AlwaysRefresh":false,"showFog":true,"showSkybox":false,"showFlares":true,"showImageEffects":true,"showParticleSystems":true,"showVisualEffectGraphs":true,"m_FxEnabled":true},"in2DMode":false,"pivot":{"x":-0.05999999865889549,"y":1.7300000190734864,"z":0.07599999755620957},"rotation":{"x":0.10512034595012665,"y":-0.5613769888877869,"z":0.07210412621498108,"w":0.8177782893180847},"size":0.1224745512008667,"orthographic":false}